{"cameraMode":{"drawMode":0,"name":"Shaded","section":"Shading Mode"},"sceneLighting":true,"audioPlay":false,"sceneViewState":{"m_AlwaysRefresh":true,"showFog":true,"showSkybox":true,"showFlares":true,"showImageEffects":true,"showParticleSystems":false,"showVisualEffectGraphs":true,"m_FxEnabled":true},"in2DMode":false,"pivot":{"x":-0.7704783082008362,"y":15.412647247314454,"z":5.1268534660339359},"rotation":{"x":0.5063995718955994,"y":0.4935018718242645,"z":-0.5070105791091919,"w":0.4929084777832031},"size":10.533833503723145,"orthographic":false}